Liam,201
Noah,202
William,203
James,204
Logan,205
Benjamin,206
Mason,207
Elijah,208
Oliver,209
Jacob,210
Lucas,212
Michael,213
Alexander,214
Ethan,215
Daniel,216
Matthew,217
Aiden,218
Henry,219
Joseph,224
Jackson,225
Samuel,226
Sebastian,228
David,229
Carter,231
Wyatt,234
Jayden,236
John,239
Owen,240
Dylan,248
Luke,250
Gabriel,251
Anthony,252
Isaac,253
Grayson,254
Jack,256
Julian,260
Levi,262
Christopher,267
Joshua,269
Andrew,270
Lincoln,276
Mateo,278
Ryan,281
Jaxon,283
Nathan,289
Aaron,301
Isaiah,302
Thomas,303
Charles,304
Caleb,305
Josiah,306
Christian,307
Hunter,308
Eli,309
Jonathan,310
Connor,312
Landon,313
Adrian,314
Asher,315
Cameron,316
Leo,317
Theodore,318
Jeremiah,319
Hudson,320
Robert,321
Easton,323
Nolan,325
Nicholas,330
Ezra,331
Colton,334
Angel,336
Brayden,337
Jordan,339
Dominic,340
Austin,341
Ian,343
Adam,347
Elias,351
Jaxson,352
Greyson,360
Jose,361
Ezekiel,365
Carson,369
Evan,380
Maverick,385
Bryson,386
Jace,401
Cooper,402
Xavier,403
Parker,404
Roman,405
Jason,406
Santiago,407
Chase,408
Sawyer,409
Gavin,410
Leonardo,412
Kayden,413
Ayden,414
Jameson,415
Kevin,416
Bentley,417
Zachary,418
Everett,419
Axel,423
Tyler,424
Micah,425
Vincent,430
Weston,431
Miles,432
Wesley,434
Nathaniel,435
Harrison,437
Brandon,438
Cole,440
Declan,442
Luis,443
Braxton,450
Damian,464
Silas,469
Tristan,470
Ryder,475
Bennett,478
George,479
Emmett,480
Justin,481
Kai,484
Max,501
Diego,502
Luca,503
Ryker,504
Carlos,505
Maxwell,506
Kingston,507
Ivan,508
Maddox,509
Juan,510
Ashton,512
Jayce,513
Rowan,514
Kaiden,515
Giovanni,516
Eric,517
Jesus,518
Calvin,519
Abel,520
King,530
Camden,539
Amir,540
Blake,541
Alex,548
Brody,551
Malachi,557
Emmanuel,559
Jonah,561
Beau,562
Jude,563
Antonio,564
Alan,567
Elliott,570
Elliot,571
Waylon,573
Xander,574
Timothy,575
Victor,579
Bryce,580
Finn,585
Brantley,586
Edward,587
Abraham,601
Patrick,602
Grant,603
Karter,604
Hayden,605
Richard,606
Miguel,607
Joel,608
Gael,609
Tucker,610
Rhett,612
Avery,613
Steven,614
Graham,615
Kaleb,616
Jasper,617
Jesse,618
Matteo,619
Dean,620
Zayden,623
Preston,626
August,627
Oscar,628
Jeremy,630
Alejandro,631
Marcus,636
Dawson,639
Lorenzo,641
Messiah,646
Zion,647
Maximus,650
River,651
Zane,657
Mark,660
Brooks,661
Nicolas,662
Paxton,669
Judah,670
Emiliano,671
Kaden,678
Bryan,679
Kyle,681
Myles,682
Peter,689
Charlie,701
Kyrie,702
Thiago,703
Brian,704
Kenneth,705
Andres,706
Lukas,707
Aidan,708
Jax,709
Caden,712
Milo,713
Paul,714
Beckett,715
Brady,716
Colin,717
Omar,718
Bradley,719
Javier,720
Knox,724
Jaden,727
Barrett,731
Israel,732
Matias,734
Jorge,737
Zander,740
Derek,747
Josue,754
Cayden,757
Holden,760
Griffin,762
Arthur,763
Leon,764
Felix,765
Remington,769
Jake,770
Killian,772
Clayton,773
Sean,774
Adriel,775
Riley,778
Archer,779
Legend,780
Erick,781
Enzo,782
Corbin,785
Francisco,786
Dallas,787
Emilio,801
Gunner,802
Simon,803
Andre,804
Walter,805
Damien,806
Chance,807
Phoenix,808
Colt,810
Tanner,812
Stephen,813
Kameron,814
Tobias,815
Manuel,816
Amari,817
Emerson,818
Louis,819
Cody,825
Finley,828
Iker,830
Martin,831
Rafael,832
Nash,835
Beckham,843
Cash,845
Karson,847
Rylan,848
Reid,850
Theo,856
Ace,857
Eduardo,858
Spencer,859
Raymond,860
Maximiliano,862
Anderson,863
Ronan,864
Lane,865
Cristian,867
Titus,870
Travis,872
Jett,873
Ricardo,878
Bodhi,901
Gideon,902
Jaiden,903
Fernando,904
Mario,905
Conor,906
Keegan,907
Ali,908
Cesar,909
Ellis,910
Jayceon,912
Walker,913
Cohen,914
Arlo,915
Hector,916
Dante,917
Kyler,918
Garrett,919
Donovan,920
Seth,925
Jeffrey,927
Tyson,928
Jase,931
Desmond,935
Caiden,936
Gage,937
Atlas,939
Major,940
Devin,941
Edwin,947
Angelo,949
Orion,951
Conner,952
Julius,954
Marco,956
Jensen,957
Daxton,959
Peyton,970
Zayn,971
Collin,972
Jaylen,973
Dakota,975
Prince,978
Johnny,979
Kayson,980
Cruz,984
Hendrix,985
Atticus,989
Troy,
Kane,
Edgar,
Sergio,
Kash,
Marshall,
Johnathan,
Romeo,
Shane,
Warren,
Joaquin,
Wade,
Leonel,
Trevor,
Dominick,
Muhammad,
Erik,
Odin,
Quinn,
Jaxton,
Dalton,
Nehemiah,
Frank,
Grady,
Gregory,
Andy,
Solomon,
Malik,
Rory,
Clark,
Reed,
Harvey,
Zayne,
Jay,
Jared,
Noel,
Shawn,
Fabian,
Ibrahim,
Adonis,
Ismael,
Pedro,
Leland,
Malakai,
Malcolm,
Alexis,
Kason,
Porter,
Sullivan,
Raiden,
Allen,
Ari,
Russell,
Princeton,
Winston,
Kendrick,
Roberto,
Lennox,
Hayes,
Finnegan,
Nasir,
Kade,
Nico,
Emanuel,
Landen,
Moises,
Ruben,
Hugo,
Abram,
Adan,
Khalil,
Zaiden,
Augustus,
Marcos,
Philip,
Phillip,
Cyrus,
Esteban,
Braylen,
Albert,
Bruce,
Kamden,
Lawson,
Jamison,
Sterling,
Damon,
Gunnar,
Kyson,
Luka,
Franklin,
Ezequiel,
Pablo,
Derrick,
Zachariah,
Cade,
Jonas,
Dexter,
Kolton,
Remy,
Hank,
Tate,
Trenton,
Kian,
Drew,
Mohamed,
Dax,
Rocco,
Bowen,
Mathias,
Ronald,
Francis,
Matthias,
Milan,
Maximilian,
Royce,
Skyler,
Corey,
Kasen,
Drake,
Gerardo,
Jayson,
Sage,
Braylon,
Benson,
Moses,
Alijah,
Rhys,
Otto,
Oakley,
Armando,
Jaime,
Nixon,
Saul,
Scott,
Brycen,
Ariel,
Enrique,
Donald,
Chandler,
Asa,
Eden,
Davis,
Keith,
Frederick,
Rowen,
Lawrence,
Leonidas,
Aden,
Julio,
Darius,
Johan,
Deacon,
Cason,
Danny,
Nikolai,
Taylor,
Alec,
Royal,
Armani,
Kieran,
Luciano,
Omari,
Rodrigo,
Arjun,
Ahmed,
Brendan,
Cullen,
Raul,
Raphael,
Ronin,
Brock,
Pierce,
Alonzo,
Casey,
Dillon,
Uriel,
Dustin,
Gianni,
Roland,
Landyn,
Kobe,
Dorian,
Emmitt,
Ryland,
Apollo,
Aarav,
Roy,
Duke,
Quentin,
Sam,
Lewis,
Tony,
Uriah,
Dennis,
Moshe,
Isaias,
Braden,
Quinton,
Cannon,
Ayaan,
Mathew,
Kellan,
Niko,
Edison,
Izaiah,
Jerry,
Gustavo,
Jamari,
Marvin,
Mauricio,
Ahmad,
Mohammad,
Justice,
Trey,
Elian,
Mohammed,
Sincere,
Yusuf,
Arturo,
Callen,
Rayan,
Keaton,
Wilder,
Mekhi,
Memphis,
Cayson,
Conrad,
Kaison,
Kyree,
Soren,
Colby,
Bryant,
Lucian,
Alfredo,
Cassius,
Marcelo,
Nikolas,
Brennan,
Darren,
Jasiah,
Jimmy,
Lionel,
Reece,
Ty,
Chris,
Forrest,
Korbin,
Tatum,
Jalen,
Santino,
Case,
Leonard,
Alvin,
Issac,
Bo,
Quincy,
Mack,
Samson,
Rex,
Alberto,
Callum,
Curtis,
Hezekiah,
Finnley,
Briggs,
Kamari,
Zeke,
Raylan,
Neil,
Titan,
Julien,
Kellen,
Devon,
Kylan,
Roger,
Axton,
Carl,
Douglas,
Larry,
Crosby,
Fletcher,
Makai,
Nelson,
Hamza,
Lance,
Alden,
Gary,
Wilson,
Alessandro,
Ares,
Kashton,
Bruno,
Jakob,
Stetson,
Zain,
Cairo,
Nathanael,
Byron,
Harry,
Harley,
Mitchell,
Maurice,
Orlando,
Kingsley,
Kaysen,
Sylas,
Trent,
Ramon,
Boston,
Lucca,
Noe,
Jagger,
Reyansh,
Vihaan,
Randy,
Thaddeus,
Lennon,
Kannon,
Kohen,
Tristen,
Valentino,
Maxton,
Salvador,
Abdiel,
Langston,
Rohan,
Kristopher,
Yosef,
Rayden,
Lee,
Callan,
Tripp,
Deandre,
Joe,
Morgan,
Dariel,
Colten,
Reese,
Jedidiah,
Ricky,
Bronson,
Terry,
Eddie,
Jefferson,
Lachlan,
Layne,
Clay,
Madden,
Jamir,
Tomas,
Kareem,
Stanley,
Brayan,
Amos,
Kase,
Kristian,
Clyde,
Ernesto,
Tommy,
Casen,
Ford,
Crew,
Braydon,
Brecken,
Hassan,
Axl,
Boone,
Leandro,
Samir,
Jaziel,
Magnus,
Abdullah,
Yousef,
Branson,
Jadiel,
Jaxen,
Layton,
Franco,
Ben,
Grey,
Kelvin,
Chaim,
Demetrius,
Blaine,
Ridge,
Colson,
Melvin,
Anakin,
Aryan,
Lochlan,
Jon,
Canaan,
Dash,
Zechariah,
Alonso,
Otis,
Zaire,
Marcel,
Brett,
Stefan,
Aldo,
Jeffery,
Baylor,
Talon,
Dominik,
Flynn,
Carmelo,
Dane,
Jamal,
Kole,
Enoch,
Graysen,
Kye,
Vicente,
Fisher,
Ray,
Fox,
Jamie,
Rey,
Zaid,
Allan,
Emery,
Gannon,
Joziah,
Rodney,
Juelz,
Sonny,
Terrance,
Zyaire,
Augustine,
Cory,
Felipe,
Aron,
Jacoby,
Harlan,
Marc,
Bobby,
Joey,
Anson,
Huxley,
Marlon,
Anders,
Guillermo,
Payton,
Castiel,
Damari,
Shepherd,
Azariah,
Harold,
Harper,
Henrik,
Houston,
Kairo,
Willie,
Elisha,
Ameer,
Emory,
Skylar,
Sutton,
Alfonso,
Brentley,
Toby,
Blaze,
Eugene,
Shiloh,
Wayne,
Darian,
Gordon,
London,
Bodie,
Jordy,
Jermaine,
Denver,
Gerald,
Merrick,
Musa,
Vincenzo,
Kody,
Yahir,
Brodie,
Trace,
Darwin,
Tadeo,
Bentlee,
Billy,
Hugh,
Reginald,
Vance,
Westin,
Cain,
Arian,
Dayton,
Javion,
Terrence,
Brysen,
Jaxxon,
Thatcher,
Landry,
Rene,
Westley,
Miller,
Alvaro,
Cristiano,
Eliseo,
Ephraim,
Adrien,
Jerome,
Khalid,
Aydin,
Mayson,
Alfred,
Duncan,
Junior,
Kendall,
Zavier,
Koda,
Maison,
Caspian,
Maxim,
Kace,
Zackary,
Rudy,
Coleman,
Keagan,
Kolten,
Maximo,
Dario,
Davion,
Kalel,
Briar,
Jairo,
Misael,
Rogelio,
Terrell,
Heath,
Micheal,
Wesson,
Aaden,
Brixton,
Draven,
Xzavier,
Darrell,
Keanu,
Ronnie,
Konnor,
Will,
Dangelo,
Frankie,
Kamryn,
Salvatore,
Santana,
Shaun,
Coen,
Leighton,
Mustafa,
Reuben,
Ayan,
Blaise,
Dimitri,
Keenan,
Van,
Achilles,
Channing,
Ishaan,
Wells,
Benton,
Lamar,
Nova,
Yahya,
Dilan,
Gibson,
Camdyn,
Ulises,
Alexzander,
Valentin,
Shepard,
Alistair,
Eason,
Kaiser,
Leroy,
Zayd,
Camilo,
Markus,
Foster,
Davian,
Dwayne,
Jabari,
Judson,
Koa,
Yehuda,
Lyric,
Tristian,
Agustin,
Bridger,
Vivaan,
Brayson,
Emmet,
Marley,
Mike,
Nickolas,
Kenny,
Leif,
Bjorn,
Ignacio,
Rocky,
Chad,
Gatlin,
Greysen,
Kyng,
Randall,
Reign,
Vaughn,
Jessie,
Louie,
Shmuel,
Zahir,
Ernest,
Javon,
Khari,
Reagan,
Avi,
Ira,
Ledger,
Simeon,
Yadiel,
Maddux,
Seamus,
Jad,
Jeremias,
Kylen,
Rashad,
Santos,
Cedric,
Craig,
Dominique,
Gianluca,
Jovanni,
Bishop,
Brenden,
Anton,
Camron,
Giancarlo,
Lyle,
Alaric,
Decker,
Eliezer,
Ramiro,
Yisroel,
Howard,
Jaxx,
Emma,
Olivia,
Ava,
Isabella,
Sophia,
Mia,
Charlotte,
Amelia,
Evelyn,
Abigail,
Harper,
Emily,
Elizabeth,
Avery,
Sofia,
Ella,
Madison,
Scarlett,
Victoria,
Aria,
Grace,
Chloe,
Camila,
Penelope,
Riley,
Layla,
Lillian,
Nora,
Zoey,
Mila,
Aubrey,
Hannah,
Lily,
Addison,
Eleanor,
Natalie,
Luna,
Savannah,
Brooklyn,
Leah,
Zoe,
Stella,
Hazel,
Ellie,
Paisley,
Audrey,
Skylar,
Violet,
Claire,
Bella,
Aurora,
Lucy,
Anna,
Samantha,
Caroline,
Genesis,
Aaliyah,
Kennedy,
Kinsley,
Allison,
Maya,
Sarah,
Madelyn,
Adeline,
Alexa,
Ariana,
Elena,
Gabriella,
Naomi,
Alice,
Sadie,
Hailey,
Eva,
Emilia,
Autumn,
Quinn,
Nevaeh,
Piper,
Ruby,
Serenity,
Willow,
Everly,
Cora,
Kaylee,
Lydia,
Aubree,
Arianna,
Eliana,
Peyton,
Melanie,
Gianna,
Isabelle,
Julia,
Valentina,
Nova,
Clara,
Vivian,
Reagan,
Mackenzie,
Madeline,
Brielle,
Delilah,
Isla,
Rylee,
Katherine,
Sophie,
Josephine,
Ivy,
Liliana,
Jade,
Maria,
Taylor,
Hadley,
Kylie,
Emery,
Adalynn,
Natalia,
Annabelle,
Faith,
Alexandra,
Ximena,
Ashley,
Brianna,
Raelynn,
Bailey,
Mary,
Athena,
Andrea,
Leilani,
Jasmine,
Lyla,
Margaret,
Alyssa,
Adalyn,
Arya,
Norah,
Khloe,
Kayla,
Eden,
Eliza,
Rose,
Ariel,
Melody,
Alexis,
Isabel,
Sydney,
Juliana,
Lauren,
Iris,
Emerson,
London,
Morgan,
Lilly,
Charlie,
Aliyah,
Valeria,
Arabella,
Sara,
Finley,
Trinity,
Ryleigh,
Jordyn,
Jocelyn,
Kimberly,
Esther,
Molly,
Valerie,
Cecilia,
Anastasia,
Daisy,
Reese,
Laila,
Mya,
Amy,
Teagan,
Amaya,
Elise,
Harmony,
Paige,
Adaline,
Fiona,
Alaina,
Nicole,
Genevieve,
Lucia,
Alina,
Mckenzie,
Callie,
Payton,
Eloise,
Brooke,
Londyn,
Mariah,
Julianna,
Rachel,
Daniela,
Gracie,
Catherine,
Angelina,
Presley,
Josie,
Harley,
Adelyn,
Vanessa,
Makayla,
Parker,
Juliette,
Amara,
Marley,
Lila,
Ana,
Rowan,
Alana,
Michelle,
Malia,
Rebecca,
Brooklynn,
Brynlee,
Summer,
Sloane,
Leila,
Sienna,
Adriana,
Sawyer,
Kendall,
Juliet,
Destiny,
Alayna,
Elliana,
Diana,
Hayden,
Ayla,
Dakota,
Angela,
Noelle,
Rosalie,
Joanna,
Jayla,
Alivia,
Lola,
Emersyn,
Georgia,
Selena,
June,
Daleyza,
Tessa,
Maggie,
Jessica,
Remi,
Delaney,
Camille,
Vivienne,
Hope,
Mckenna,
Gemma,
Olive,
Alexandria,
Blakely,
Izabella,
Catalina,
Raegan,
Journee,
Gabrielle,
Lucille,
Ruth,
Amiyah,
Evangeline,
Blake,
Thea,
Amina,
Giselle,
Lilah,
Melissa,
River,
Kate,
Adelaide,
Charlee,
Vera,
Leia,
Gabriela,
Zara,
Jane,
Journey,
Elaina,
Miriam,
Briella,
Stephanie,
Cali,
Ember,
Lilliana,
Aniyah,
Logan,
Kamila,
Brynn,
Ariella,
Makenzie,
Annie,
Mariana,
Kali,
Haven,
Elsie,
Nyla,
Paris,
Lena,
Freya,
Adelynn,
Lyric,
Camilla,
Sage,
Jennifer,
Paislee,
Talia,
Alessandra,
Juniper,
Fatima,
Raelyn,
Amira,
Arielle,
Phoebe,
Kinley,
Ada,
Nina,
Ariah,
Samara,
Myla,
Brinley,
Cassidy,
Maci,
Aspen,
Allie,
Keira,
Kaia,
Makenna,
Amanda,
Heaven,
Joy,
Lia,
Madilyn,
Gracelyn,
Laura,
Evelynn,
Lexi,
Haley,
Miranda,
Kaitlyn,
Daniella,
Felicity,
Jacqueline,
Evie,
Angel,
Danielle,
Ainsley,
Dylan,
Kiara,
Millie,
Jordan,
Maddison,
Rylie,
Alicia,
Maeve,
Margot,
Kylee,
Phoenix,
Heidi,
Zuri,
Alondra,
Lana,
Madeleine,
Gracelynn,
Kenzie,
Miracle,
Shelby,
Elle,
Adrianna,
Bianca,
Addilyn,
Kira,
Veronica,
Gwendolyn,
Esmeralda,
Chelsea,
Alison,
Skyler,
Magnolia,
Daphne,
Jenna,
Everleigh,
Kyla,
Braelynn,
Harlow,
Annalise,
Mikayla,
Dahlia,
Maliyah,
Averie,
Scarlet,
Kayleigh,
Luciana,
Kelsey,
Nadia,
Amber,
Gia,
Kamryn,
Yaretzi,
Carmen,
Jimena,
Erin,
Christina,
Katie,
Ryan,
Viviana,
Alexia,
Anaya,
Serena,
Katelyn,
Ophelia,
Regina,
Helen,
Remington,
Camryn,
Cadence,
Royalty,
Amari,
Kathryn,
Skye,
Emely,
Jada,
Ariyah,
Aylin,
Saylor,
Kendra,
Cheyenne,
Fernanda,
Sabrina,
Francesca,
Eve,
Mckinley,
Frances,
Sarai,
Carolina,
Kennedi,
Nylah,
Tatum,
Alani,
Lennon,
Raven,
Zariah,
Leslie,
Winter,
Abby,
Mabel,
Sierra,
April,
Willa,
Carly,
Jolene,
Rosemary,
Aviana,
Madelynn,
Selah,
Renata,
Lorelei,
Briana,
Celeste,
Wren,
Charleigh,
Leighton,
Annabella,
Jayleen,
Braelyn,
Ashlyn,
Jazlyn,
Mira,
Oakley,
Malaysia,
Edith,
Avianna,
Maryam,
Emmalyn,
Hattie,
Kensley,
Macie,
Bristol,
Marlee,
Demi,
Cataleya,
Maia,
Sylvia,
Itzel,
Allyson,
Lilith,
Melany,
Kaydence,
Holly,
Nayeli,
Meredith,
Nia,
Liana,
Megan,
Justice,
Bethany,
Alejandra,
Janelle,
Elisa,
Adelina,
Ashlynn,
Elianna,
Aleah,
Myra,
Lainey,
Blair,
Kassidy,
Charley,
Virginia,
Kara,
Helena,
Sasha,
Julie,
Michaela,
Carter,
Matilda,
Kehlani,
Henley,
Maisie,
Hallie,
Jazmin,
Priscilla,
Marilyn,
Cecelia,
Danna,
Colette,
Baylee,
Elliott,
Ivanna,
Cameron,
Celine,
Alayah,
Hanna,
Imani,
Angelica,
Emelia,
Kalani,
Alanna,
Lorelai,
Macy,
Karina,
Addyson,
Aleena,
Aisha,
Johanna,
Mallory,
Leona,
Mariam,
Kynlee,
Madilynn,
Karen,
Karla,
Skyla,
Beatrice,
Dayana,
Gloria,
Milani,
Savanna,
Karsyn,
Rory,
Giuliana,
Lauryn,
Liberty,
Galilea,
Aubrie,
Charli,
Kyleigh,
Brylee,
Jillian,
Anne,
Haylee,
Dallas,
Azalea,
Jayda,
Tiffany,
Avah,
Shiloh,
Bailee,
Jazmine,
Esme,
Coraline,
Madisyn,
Elaine,
Lilian,
Kyra,
Kaliyah,
Kora,
Octavia,
Irene,
Kelly,
Lacey,
Laurel,
Adley,
Anika,
Janiyah,
Dorothy,
Sutton,
Julieta,
Kimber,
Remy,
Cassandra,
Rebekah,
Collins,
Elliot,
Emmy,
Sloan,
Hayley,
Amalia,
Jemma,
Jamie,
Melina,
Leyla,
Jaylah,
Anahi,
Jaliyah,
Kailani,
Harlee,
Wynter,
Saige,
Alessia,
Monica,
Anya,
Antonella,
Emberly,
Khaleesi,
Ivory,
Greta,
Maren,
Alena,
Emory,
Alaia,
Cynthia,
Addisyn,
Alia,
Lylah,
Angie,
Ariya,
Alma,
Crystal,
Jayde,
Aileen,
Kinslee,
Siena,
Zelda,
Katalina,
Marie,
Pearl,
Reyna,
Mae,
Zahra,
Kailey,
Jessie,
Tiana,
Amirah,
Madalyn,
Alaya,
Lilyana,
Julissa,
Armani,
Lennox,
Lillie,
Jolie,
Laney,
Roselyn,
Mara,
Joelle,
Rosa,
Kaylani,
Bridget,
Liv,
Oaklyn,
Aurelia,
Clarissa,
Elyse,
Marissa,
Monroe,
Kori,
Elsa,
Rosie,
Amelie,
Aitana,
Aliza,
Eileen,
Poppy,
Emmie,
Braylee,
Milana,
Addilynn,
Royal,
Chaya,
Frida,
Bonnie,
Amora,
Stevie,
Tatiana,
Malaya,
Mina,
Emerie,
Reign,
Zaylee,
Annika,
Kenia,
Linda,
Kenna,
Faye,
Reina,
Brittany,
Marina,
Astrid,
Kadence,
Mikaela,
Jaelyn,
Briar,
Kaylie,
Teresa,
Bria,
Hadassah,
Lilianna,
Guadalupe,
Rayna,
Chanel,
Lyra,
Noa,
Zariyah,
Laylah,
Aubrielle,
Aniya,
Livia,
Ellen,
Meadow,
Amiya,
Ellis,
Elora,
Milan,
Hunter,
Princess,
Leanna,
Nathalie,
Clementine,
Nola,
Tenley,
Simone,
Lina,
Marianna,
Martha,
Sariah,
Louisa,
Noemi,
Emmeline,
Kenley,
Belen,
Erika,
Myah,
Lara,
Amani,
Ansley,
Everlee,
Maleah,
Salma,
Jaelynn,
Kiera,
Dulce,
Nala,
Natasha,
Averi,
Mercy,
Penny,
Ariadne,
Deborah,
Elisabeth,
Zaria,
Hana,
Kairi,
Yareli,
Raina,
Ryann,
Lexie,
Thalia,
Karter,
Annabel,
Christine,
Estella,
Keyla,
Adele,
Aya,
Estelle,
Landry,
Tori,
Perla,
Lailah,
Miah,
Rylan,
Angelique,
Avalynn,
Romina,
Ari,
Jaycee,
Jaylene,
Kai,
Louise,
Mavis,
Scarlette,
Belle,
Lea,
Nalani,
Rivka,
Ayleen,
Calliope,
Dalary,
Zaniyah,
Kaelyn,
Sky,
Jewel,
Joselyn,
Madalynn,
Paola,
Giovanna,
Isabela,
Karlee,
Aubriella,
Azariah,
Tinley,
Dream,
Claudia,
Corinne,
Erica,
Milena,
Aliana,
Kallie,
Alyson,
Joyce,
Tinsley,
Whitney,
Emilee,
Paisleigh,
Carolyn,
Jaylee,
Zoie,
Frankie,
Andi,
Judith,
Paula,
Xiomara,
Aiyana,
Amia,
Analia,
Audrina,
Hadlee,
Rayne,
Amayah,
Cara,
Celia,
Lyanna,
Opal,
Amaris,
Clare,
Gwen,
Giana,
Veda,
Alisha,
Davina,
Rhea,
Sariyah,
Noor,
Danica,
Kathleen,
Lillianna,
Lindsey,
Maxine,
Paulina,
Hailee,
Harleigh,
Nancy,
Jessa,
Raquel,
Raylee,
Zainab,
Chana,
Lisa,
Heavenly,
Oaklynn,
Aminah,
Emmalynn,
Patricia,
India,
Janessa,
Paloma,
Ramona,
Sandra,
Abril,
Emmaline,
Itzayana,
Kassandra,
Vienna,
Marleigh,
Kailyn,
Novalee,
Rosalyn,
Hadleigh,
Luella,
Taliyah,
Avalyn,
Barbara,
Iliana,
Jana,
Meilani,
Aadhya,
Alannah,
Blaire,
Brenda,
Casey,
Selene,
Lizbeth,
Adrienne,
Annalee,
Malani,
Aliya,
Miley,
Nataly,
Bexley,
Joslyn,
Maliah,
Zion,
Breanna,
Melania,
Estrella,
Ingrid,
Jayden,
Kaya,
Kaylin,
Harmoni,
Arely,
Jazlynn,
Kiana,
Dana,
Mylah,
Oaklee,
Ailani,
Kailee,
Legacy,
Marjorie,
Paityn,
Courtney,
Ellianna,
Jurnee,
Karlie,
Evalyn,
Holland,
Kenya,
Magdalena,
Carla,
Halle,
Aryanna,
Kaiya,
Kimora,
Naya,
Saoirse,
Susan,
Desiree,
Ensley,
Renee,
Esperanza,
Treasure,
Caylee,
Ellison,
Kristina,
Adilynn,
Anabelle,
Egypt,
Spencer,
Tegan,
Aranza,
Vada,
Emerald,
Florence,
Marlowe,
Micah,
Sonia,
Sunny,
Tara,
Riya,
Yara,
Alisa,
Nathalia,
Yamileth,
Saanvi,
Samira,
Sylvie,
Brenna,
Carlee,
Jenny,
Miya,
Monserrat,
Zendaya,
Alora,